key,player,player_type,mlbam,r2_verdict,r3_verdict,confidence,evidence,pa_cutoff,woba_cutoff,preseason_prior_woba,pred_delta_mean,delta_q10,delta_q90,pred_ros_woba,q10_ros_woba,q90_ros_woba,xwoba_minus_prior_woba_22g,bf_cutoff,ip_cutoff,k_rate_cutoff,preseason_prior_k_rate,pred_k_rate_mean,k_rate_q10,k_rate_q90,pred_k_delta_vs_prior
andy_pages,Andy Pages,hitter,681624,NOISE,NOISE,high,"April wOBA 0.395, prior 0.331, projected ROS 0.328 with raw 80% delta band [-0.053, +0.039].",99.0,0.3954081632653061,0.331145361478343,-0.0028794922448252,-0.0529655239391981,0.0388670318644767,0.3282658692335177,0.2781798375391449,0.3700123933428197,0.0388797896844477,,,,,,,,
ben_rice,Ben Rice,hitter,700250,NOISE,NOISE,medium,"April wOBA 0.521, prior 0.326, projected ROS 0.345 with raw 80% delta band [-0.046, +0.065].",97.0,0.5209677419354839,0.325628172723604,0.0191152395390071,-0.0456454509348975,0.0652709218229824,0.3447434122626112,0.2799827217887064,0.3908990945465864,0.1225079939430627,,,,,,,,
mike_trout,Mike Trout,hitter,545361,NOISE,NOISE,medium,"April wOBA 0.423, prior 0.367, projected ROS 0.375 with raw 80% delta band [-0.054, +0.057].",116.0,0.4225225225225225,0.366889245667686,0.0083643016792676,-0.0539409679415863,0.0573334310114234,0.3752535473469536,0.3129482777260997,0.4242226766791094,0.0890663625797366,,,,,,,,
munetaka_murakami,Munetaka Murakami,hitter,808959,AMBIGUOUS,AMBIGUOUS,low,"April wOBA 0.418, prior 0.291, projected ROS 0.350 with raw 80% delta band [-0.028, +0.106].",109.0,0.4180952380952381,0.2912420915994342,0.0584216987935008,-0.0275330860833976,0.1056094951256241,0.349663790392935,0.2637090055160366,0.3968515867250584,0.1214324953570875,,,,,,,,
mason_miller,Mason Miller,reliever,695243,AMBIGUOUS,AMBIGUOUS,medium,"April K% 65.9%, prior 39.1%, projected ROS 33.3% with raw 80% K% band [23.1%, 43.5%].",,,,,,,,,,,41.0,12.333333333333334,0.6585365853658537,0.3914778668880181,0.3330353240018951,0.2311057692307692,0.4347826086956521,-0.0584425428861229
