{
  "n_analogs_2022_2025": 1533,
  "stats": {
    "andy_pages": {
      "22g": {
        "PA": 94,
        "BB%": 0.07446808510638298,
        "K%": 0.24468085106382978,
        "BABIP": 0.4067796610169492,
        "ISO": 0.18823529411764706,
        "wOBA": 0.39893617021276595
      },
      "percentile_rank": {
        "BB%": 42.79191128506197,
        "K%": 62.361382909328114,
        "BABIP": 94.9119373776908,
        "ISO": 70.12393998695369,
        "wOBA": 88.12785388127854
      },
      "analog_ros": {
        "BB%": {
          "cohort_size": 155,
          "cohort_22g_q50": 0.07446808510638298,
          "cohort_ros_q10": 0.04365182678122017,
          "cohort_ros_q50": 0.0718954248366013,
          "cohort_ros_q90": 0.1152553620097168,
          "regression_to_mean": 0.0025726602697816736
        },
        "K%": {
          "cohort_size": 156,
          "cohort_22g_q50": 0.24468085106382978,
          "cohort_ros_q10": 0.1738885389384345,
          "cohort_ros_q50": 0.23522252065413252,
          "cohort_ros_q90": 0.2918510324483776,
          "regression_to_mean": 0.009458330409697263
        },
        "BABIP": {
          "cohort_size": 155,
          "cohort_22g_q50": 0.4067796610169492,
          "cohort_ros_q10": 0.2587061129923365,
          "cohort_ros_q50": 0.3037037037037037,
          "cohort_ros_q90": 0.3478169934640523,
          "regression_to_mean": 0.10307595731324548
        },
        "ISO": {
          "cohort_size": 157,
          "cohort_22g_q50": 0.18888888888888888,
          "cohort_ros_q10": 0.095074679943101,
          "cohort_ros_q50": 0.1630695443645084,
          "cohort_ros_q90": 0.23845154782170105,
          "regression_to_mean": 0.025819344524380478
        },
        "wOBA": {
          "cohort_size": 153,
          "cohort_22g_q50": 0.39875,
          "cohort_ros_q10": 0.2825891588899241,
          "cohort_ros_q50": 0.32951070336391436,
          "cohort_ros_q90": 0.3893058157401756,
          "regression_to_mean": 0.06923929663608563
        }
      }
    },
    "ben_rice": {
      "22g": {
        "PA": 90,
        "BB%": 0.2,
        "K%": 0.28888888888888886,
        "BABIP": 0.3783783783783784,
        "ISO": 0.42857142857142855,
        "wOBA": 0.5034090909090909
      },
      "percentile_rank": {
        "BB%": 99.412915851272,
        "K%": 80.7566862361383,
        "BABIP": 89.56294846705805,
        "ISO": 99.86953685583822,
        "wOBA": 99.67384213959556
      },
      "analog_ros": {
        "BB%": {
          "cohort_size": 86,
          "cohort_22g_q50": 0.17614738202973498,
          "cohort_ros_q10": 0.07838330133412101,
          "cohort_ros_q50": 0.10902787604358286,
          "cohort_ros_q90": 0.14622631639517486,
          "regression_to_mean": 0.06711950598615213
        },
        "K%": {
          "cohort_size": 154,
          "cohort_22g_q50": 0.28888888888888886,
          "cohort_ros_q10": 0.2038990308767185,
          "cohort_ros_q50": 0.26283757407998865,
          "cohort_ros_q90": 0.32114739431894446,
          "regression_to_mean": 0.026051314808900217
        },
        "BABIP": {
          "cohort_size": 157,
          "cohort_22g_q50": 0.3783783783783784,
          "cohort_ros_q10": 0.2506174238133001,
          "cohort_ros_q50": 0.30039525691699603,
          "cohort_ros_q90": 0.3508814920699749,
          "regression_to_mean": 0.07798312146138237
        },
        "ISO": {
          "cohort_size": 79,
          "cohort_22g_q50": 0.34,
          "cohort_ros_q10": 0.11767450337160562,
          "cohort_ros_q50": 0.19705340699815838,
          "cohort_ros_q90": 0.27898089171974527,
          "regression_to_mean": 0.14294659300184165
        },
        "wOBA": {
          "cohort_size": 82,
          "cohort_22g_q50": 0.4486140264230152,
          "cohort_ros_q10": 0.29770036366664815,
          "cohort_ros_q50": 0.34619441830592523,
          "cohort_ros_q90": 0.3920980208976305,
          "regression_to_mean": 0.10241960811708994
        }
      }
    },
    "mike_trout": {
      "22g": {
        "PA": 110,
        "BB%": 0.2,
        "K%": 0.2,
        "BABIP": 0.22807017543859648,
        "ISO": 0.29069767441860467,
        "wOBA": 0.4226415094339624
      },
      "percentile_rank": {
        "BB%": 99.412915851272,
        "K%": 39.660795825179385,
        "BABIP": 17.025440313111545,
        "ISO": 94.06392694063926,
        "wOBA": 94.32485322896281
      },
      "analog_ros": {
        "BB%": {
          "cohort_size": 86,
          "cohort_22g_q50": 0.17614738202973498,
          "cohort_ros_q10": 0.07838330133412101,
          "cohort_ros_q50": 0.10902787604358286,
          "cohort_ros_q90": 0.14622631639517486,
          "regression_to_mean": 0.06711950598615213
        },
        "K%": {
          "cohort_size": 153,
          "cohort_22g_q50": 0.20202020202020202,
          "cohort_ros_q10": 0.15712611079599167,
          "cohort_ros_q50": 0.21669980119284293,
          "cohort_ros_q90": 0.2811975827761311,
          "regression_to_mean": -0.014679599172640917
        },
        "BABIP": {
          "cohort_size": 153,
          "cohort_22g_q50": 0.22916666666666666,
          "cohort_ros_q10": 0.22890977443609023,
          "cohort_ros_q50": 0.27972027972027974,
          "cohort_ros_q90": 0.33670576735092866,
          "regression_to_mean": -0.05055361305361308
        },
        "ISO": {
          "cohort_size": 153,
          "cohort_22g_q50": 0.29069767441860467,
          "cohort_ros_q10": 0.10911517827348102,
          "cohort_ros_q50": 0.18702290076335878,
          "cohort_ros_q90": 0.29845701120941676,
          "regression_to_mean": 0.10367477365524588
        },
        "wOBA": {
          "cohort_size": 153,
          "cohort_22g_q50": 0.42209302325581394,
          "cohort_ros_q10": 0.2920807453416149,
          "cohort_ros_q50": 0.3410899653979239,
          "cohort_ros_q90": 0.39272181888434715,
          "regression_to_mean": 0.08100305785789003
        }
      }
    },
    "munetaka_murakami": {
      "22g": {
        "PA": 105,
        "BB%": 0.18095238095238095,
        "K%": 0.3333333333333333,
        "BABIP": 0.2857142857142857,
        "ISO": 0.3176470588235294,
        "wOBA": 0.4068627450980392
      },
      "percentile_rank": {
        "BB%": 97.84735812133071,
        "K%": 93.08545335942597,
        "BABIP": 46.771037181996086,
        "ISO": 96.4122635355512,
        "wOBA": 90.28049575994781
      },
      "analog_ros": {
        "BB%": {
          "cohort_size": 110,
          "cohort_22g_q50": 0.1702127659574468,
          "cohort_ros_q10": 0.07819886926032178,
          "cohort_ros_q50": 0.110727969348659,
          "cohort_ros_q90": 0.15397227245328513,
          "regression_to_mean": 0.059484796608787804
        },
        "K%": {
          "cohort_size": 153,
          "cohort_22g_q50": 0.3333333333333333,
          "cohort_ros_q10": 0.21077404457532964,
          "cohort_ros_q50": 0.2857142857142857,
          "cohort_ros_q90": 0.3513804265041889,
          "regression_to_mean": 0.047619047619047616
        },
        "BABIP": {
          "cohort_size": 159,
          "cohort_22g_q50": 0.2857142857142857,
          "cohort_ros_q10": 0.24496191840735992,
          "cohort_ros_q50": 0.2906178489702517,
          "cohort_ros_q90": 0.33425278435329275,
          "regression_to_mean": -0.004903563255966026
        },
        "ISO": {
          "cohort_size": 132,
          "cohort_22g_q50": 0.31016731016731014,
          "cohort_ros_q10": 0.11831058726220017,
          "cohort_ros_q50": 0.19554526443147624,
          "cohort_ros_q90": 0.27405520169851383,
          "regression_to_mean": 0.1146220457358339
        },
        "wOBA": {
          "cohort_size": 153,
          "cohort_22g_q50": 0.40670731707317076,
          "cohort_ros_q10": 0.2813795527437283,
          "cohort_ros_q50": 0.33365384615384613,
          "cohort_ros_q90": 0.39156784265231537,