{
  "andy_pages": {
    "slug": "andy_pages",
    "name": "Andy Pages",
    "mlbam": 681624,
    "PA_22g": 90,
    "obs_wOBA": 0.4027777777777778,
    "obs_xwOBA": 0.36,
    "obs_HardHitPct": 0.6031746031746031,
    "obs_BarrelPct": 0.06349206349206349,
    "obs_EV_p90": 106.2,
    "prior_wOBA": 0.33316780467618456,
    "prior_kind": "weighted_3yr",
    "post_wOBA_q10": 0.31624108849383337,
    "post_wOBA_q50": 0.33524733602047485,
    "post_wOBA_q90": 0.35466201962402816,
    "ROS_wOBA_minus_prior_q10": -0.01692671618235119,
    "ROS_wOBA_minus_prior_q50": 0.0020795313442902863,
    "ROS_wOBA_minus_prior_q90": 0.02149421494784362,
    "post_BBpct_q50": 0.05602832854986316,
    "post_Kpct_q50": 0.22153109644229385,
    "post_BABIP_q50": 0.3132764622816142,
    "post_ISO_q50": 0.18663451408017107,
    "post_xwOBA_q50": 0.3260843725369038,
    "post_HardHitPct_q50": 0.4678153590741408,
    "post_BarrelPct_q50": 0.07689110043038165,
    "post_EV_p90_q50": 104.77169987161886,
    "r1_verdict": "NOISE",
    "r2_verdict": "NOISE",
    "verdict_changed": false
  },
  "ben_rice": {
    "slug": "ben_rice",
    "name": "Ben Rice",
    "mlbam": 700250,
    "PA_22g": 89,
    "obs_wOBA": 0.5488505747126436,
    "obs_xwOBA": 0.4808275862068966,
    "obs_HardHitPct": 0.6458333333333334,
    "obs_BarrelPct": 0.22916666666666666,
    "obs_EV_p90": 106.43,
    "prior_wOBA": 0.3450402144772118,
    "prior_kind": "weighted_3yr",
    "post_wOBA_q10": 0.3711774455758652,
    "post_wOBA_q50": 0.39079683566494977,
    "post_wOBA_q90": 0.41124841199523643,
    "ROS_wOBA_minus_prior_q10": 0.02613723109865338,
    "ROS_wOBA_minus_prior_q50": 0.04575662118773799,
    "ROS_wOBA_minus_prior_q90": 0.06620819751802465,
    "post_BBpct_q50": 0.13634578202247902,
    "post_Kpct_q50": 0.23782895950274763,
    "post_BABIP_q50": 0.26195506791607703,
    "post_ISO_q50": 0.299125269157253,
    "post_xwOBA_q50": 0.4034118306883985,
    "post_HardHitPct_q50": 0.5653031956901375,
    "post_BarrelPct_q50": 0.18232728869773612,
    "post_EV_p90_q50": 107.00387998808736,
    "r1_verdict": "AMBIGUOUS",
    "r2_verdict": "SIGNAL",
    "verdict_changed": true
  },
  "munetaka_murakami": {
    "slug": "munetaka_murakami",
    "name": "Munetaka Murakami",
    "mlbam": 808959,
    "PA_22g": 103,
    "obs_wOBA": 0.42727272727272725,
    "obs_xwOBA": 0.43475757575757573,
    "obs_HardHitPct": 0.6274509803921569,
    "obs_BarrelPct": 0.2549019607843137,
    "obs_EV_p90": 110.83,
    "prior_wOBA": 0.3260146329754323,
    "prior_kind": "league_avg",
    "post_wOBA_q10": 0.3561086219280022,
    "post_wOBA_q50": 0.39047664308453756,
    "post_wOBA_q90": 0.42592478345028756,
    "ROS_wOBA_minus_prior_q10": 0.030093988952569876,
    "ROS_wOBA_minus_prior_q50": 0.06446201010910524,
    "ROS_wOBA_minus_prior_q90": 0.09991015047485527,
    "post_BBpct_q50": 0.1462614819952056,
    "post_Kpct_q50": 0.28478078354808456,
    "post_BABIP_q50": 0.27989317898667687,
    "post_ISO_q50": 0.27723764600090445,
    "post_xwOBA_q50": 0.39246592394608537,
    "post_HardHitPct_q50": 0.5034302252768057,
    "post_BarrelPct_q50": 0.15888936646838345,
    "post_EV_p90_q50": 105.43841658011897,
    "r1_verdict": "SIGNAL",
    "r2_verdict": "SIGNAL",
    "verdict_changed": false
  },
  "mike_trout": {
    "slug": "mike_trout",
    "name": "Mike Trout",
    "mlbam": 545361,
    "PA_22g": 106,
    "obs_wOBA": 0.41960784313725485,
    "obs_xwOBA": 0.47586274509803916,
    "obs_HardHitPct": 0.4444444444444444,
    "obs_BarrelPct": 0.2222222222222222,
    "obs_EV_p90": 108.69,
    "prior_wOBA": 0.3621835075493612,
    "prior_kind": "weighted_3yr",
    "post_wOBA_q10": 0.36765035495768505,
    "post_wOBA_q50": 0.3874791079573872,
    "post_wOBA_q90": 0.40695425730439866,
    "ROS_wOBA_minus_prior_q10": 0.005466847408323866,
    "ROS_wOBA_minus_prior_q50": 0.02529560040802603,
    "ROS_wOBA_minus_prior_q90": 0.044770749755037455,
    "post_BBpct_q50": 0.1734870958534528,
    "post_Kpct_q50": 0.21744697856350348,
    "post_BABIP_q50": 0.2944827198817989,
    "post_ISO_q50": 0.23681635679507299,
    "post_xwOBA_q50": 0.40162363270315315,
    "post_HardHitPct_q50": 0.47149589570169803,
    "post_BarrelPct_q50": 0.1860770878041108,
    "post_EV_p90_q50": 108.02245991903025,
    "r1_verdict": "AMBIGUOUS",
    "r2_verdict": "SIGNAL",
    "verdict_changed": true
  },
  "mason_miller": {
    "slug": "mason_miller",
    "name": "Mason Miller",
    "mlbam": 695243,
    "BF_22g": 40,
    "obs_K%": 0.65,
    "obs_BB%": 0.05,
    "prior_K%": 0.4065040650406504,
    "prior_BB%": 0.10530391018195896,
    "post_K%_q10": 0.43293136424149614,
    "post_K%_q50": 0.49519408914008683,
    "post_K%_q90": 0.5539710555062008,
    "post_BB%_q50": 0.09391857655490818,
    "is_known_closer": true,
    "r1_verdict": "AMBIGUOUS_STREAK_DURABLE",
    "r2_verdict_K%": "SIGNAL",
    "streak_model_status": "KILLED",
    "streak_kill_reason": "R1 used HR-only ER proxy as input to a Geometric time-to-first-ER. Codex review correctly noted that non-HR earned runs (baserunner sequencing) are the dominant ER mechanism the model never saw. Per R2 brief: 'replace with delta_run_exp accumulation OR kill entirely.' delta_run_exp is in 2026 statcast but pre-2026 corpus would need re-pull. Killing the streak probabilities."
  }
}