{
  "thresholds": {
    "delta_decile_top_q90": 0.01290875347395623,
    "delta_decile_bot_q10": -0.019842648515837096,
    "april_decile_q10_wOBA": 0.2536790757381258,
    "n_universe": 279,
    "n_mainstream_in_universe": 21
  },
  "sleepers": [
    {
      "batter": 695506,
      "player_name": "Caglianone, Jac",
      "prior_kind": "weighted_3yr",
      "PA_22g": 79,
      "obs_wOBA": 0.32784810126582276,
      "obs_xwOBA": 0.3499873417721519,
      "obs_HardHitPct": 0.5510204081632653,
      "obs_BarrelPct": 0.16326530612244897,
      "obs_EV_p90": 110.84,
      "prior_wOBA": 0.2396551724137931,
      "ROS_wOBA_q10": 0.27157815576413735,
      "ROS_wOBA_q50": 0.29042116064223394,
      "ROS_wOBA_q90": 0.3095074595419198,
      "ROS_wOBA_minus_prior_q10": 0.031922983350344235,
      "ROS_wOBA_minus_prior_q50": 0.050765988228440834,
      "ROS_wOBA_minus_prior_q90": 0.0698522871281267,
      "post_BBpct_q50": 0.07558668792179743,
      "post_Kpct_q50": 0.2558994139223988,
      "post_BABIP_q50": 0.18684248698636616,
      "post_ISO_q50": 0.13407493572142706,
      "post_xwOBA_q50": 0.3279683579449804,
      "post_HardHitPct_q50": 0.4659236469885438,
      "post_BarrelPct_q50": 0.1357094961192999,
      "post_EV_p90_q50": 109.51173433760029,
      "is_mainstream": false
    },
    {
      "batter": 677592,
      "player_name": "Pereira, Everson",
      "prior_kind": "weighted_3yr",
      "PA_22g": 50,
      "obs_wOBA": 0.41600000000000004,
      "obs_xwOBA": 0.40336,
      "obs_HardHitPct": 0.4857142857142857,
      "obs_BarrelPct": 0.14285714285714285,
      "obs_EV_p90": 104.82000000000001,
      "prior_wOBA": 0.21951038575667653,
      "ROS_wOBA_q10": 0.23930849354946016,
      "ROS_wOBA_q50": 0.2573885622984125,
      "ROS_wOBA_q90": 0.2756290342004027,
      "ROS_wOBA_minus_prior_q10": 0.019798107792783626,
      "ROS_wOBA_minus_prior_q50": 0.037878176541735975,
      "ROS_wOBA_minus_prior_q90": 0.05611864844372616,
      "post_BBpct_q50": 0.07845462759960475,
      "post_Kpct_q50": 0.2926327531740214,
      "post_BABIP_q50": 0.23389446523351298,
      "post_ISO_q50": 0.11731050134766052,
      "post_xwOBA_q50": 0.2750368269971343,
      "post_HardHitPct_q50": 0.4907730086500306,
      "post_BarrelPct_q50": 0.09614084032288363,
      "post_EV_p90_q50": 105.76942954472803,
      "is_mainstream": false
    },
    {
      "batter": 678391,
      "player_name": "Vivas, Jorbit",
      "prior_kind": "weighted_3yr",
      "PA_22g": 63,
      "obs_wOBA": 0.38934426229508196,
      "obs_xwOBA": 0.3162622950819672,
      "obs_HardHitPct": 0.24489795918367346,
      "obs_BarrelPct": 0.02040816326530612,
      "obs_EV_p90": 100.92,
      "prior_wOBA": 0.2696969696969697,
      "ROS_wOBA_q10": 0.2830336959382175,
      "ROS_wOBA_q50": 0.3058526645032143,
      "ROS_wOBA_q90": 0.3309495490542003,
      "ROS_wOBA_minus_prior_q10": 0.013336726241247777,
      "ROS_wOBA_minus_prior_q50": 0.03615569480624459,
      "ROS_wOBA_minus_prior_q90": 0.06125257935723063,
      "post_BBpct_q50": 0.08136181755100355,
      "post_Kpct_q50": 0.1297256189171342,
      "post_BABIP_q50": 0.21554944562111797,
      "post_ISO_q50": 0.08124330334483186,
      "post_xwOBA_q50": 0.31700333772722633,
      "post_HardHitPct_q50": 0.32894095459491474,
      "post_BarrelPct_q50": 0.03412942073814786,
      "post_EV_p90_q50": 100.71514526456711,
      "is_mainstream": false
    },
    {
      "batter": 694212,
      "player_name": "Basallo, Samuel",
      "prior_kind": "weighted_3yr",
      "PA_22g": 73,
      "obs_wOBA": 0.3387323943661972,
      "obs_xwOBA": 0.374056338028169,
      "obs_HardHitPct": 0.44680851063829785,
      "obs_BarrelPct": 0.1276595744680851,
      "obs_EV_p90": 108.3,
      "prior_wOBA": 0.2457627118644068,
      "ROS_wOBA_q10": 0.26206040515488527,
      "ROS_wOBA_q50": 0.2805361795899384,
      "ROS_wOBA_q90": 0.3006172086818479,
      "ROS_wOBA_minus_prior_q10": 0.016297693290478494,
      "ROS_wOBA_minus_prior_q50": 0.03477346772553161,
      "ROS_wOBA_minus_prior_q90": 0.05485449681744106,
      "post_BBpct_q50": 0.08156726762842517,
      "post_Kpct_q50": 0.23280887293382468,
      "post_BABIP_q50": 0.19043321100862787,
      "post_ISO_q50": 0.1744364638366852,
      "post_xwOBA_q50": 0.3018793501951694,
      "post_HardHitPct_q50": 0.4358254194711376,
      "post_BarrelPct_q50": 0.10204915737557387,
      "post_EV_p90_q50": 107.73541769864309,
      "is_mainstream": false
    },
    {
      "batter": 678489,
      "player_name": "Barrosa, Jorge",
      "prior_kind": "weighted_3yr",
      "PA_22g": 55,
      "obs_wOBA": 0.3443396226415094,
      "obs_xwOBA": 0.2469245283018868,
      "obs_HardHitPct": 0.23529411764705882,
      "obs_BarrelPct": 0.08823529411764706,
      "obs_EV_p90": 98.44,
      "prior_wOBA": 0.17803532008830023,
      "ROS_wOBA_q10": 0.19105677988701444,
      "ROS_wOBA_q50": 0.21041698992581032,
      "ROS_wOBA_q90": 0.23031773516090623,
      "ROS_wOBA_minus_prior_q10": 0.013021459798714208,
      "ROS_wOBA_minus_prior_q50": 0.032381669837510105,
      "ROS_wOBA_minus_prior_q90": 0.052282415072606,
      "post_BBpct_q50": 0.029985387164844217,
      "post_Kpct_q50": 0.28266223619312575,
      "post_BABIP_q50": 0.19564876734872985,
      "post_ISO_q50": 0.12016863879577495,
      "post_xwOBA_q50": 0.21958093386395688,
      "post_HardHitPct_q50": 0.2783545143930115,
      "post_BarrelPct_q50": 0.03811095192564316,
      "post_EV_p90_q50": 99.88103536795089,
      "is_mainstream": false
    },
    {
      "batter": 672724,
      "player_name": "Peraza, Oswald",
      "prior_kind": "weighted_3yr",
      "PA_22g": 70,
      "obs_wOBA": 0.4057971014492754,
      "obs_xwOBA": 0.35885507246376813,
      "obs_HardHitPct": 0.44680851063829785,
      "obs_BarrelPct": 0.1276595744680851,
      "obs_EV_p90": 105.46,
      "prior_wOBA": 0.2395973154362416,
      "ROS_wOBA_q10": 0.2511286143676733,
      "ROS_wOBA_q50": 0.2692284596494182,
      "ROS_wOBA_q90": 0.2882745078625306,
      "ROS_wOBA_minus_prior_q10": 0.011531298931431682,
      "ROS_wOBA_minus_prior_q50": 0.02963114421317664,
      "ROS_wOBA_minus_prior_q90": 0.048677192426289,
      "post_BBpct_q50": 0.07130945354661869,
      "post_Kpct_q50": 0.25270145397615756,
      "post_BABIP_q50": 0.2370215962980632,
      "post_ISO_q50": 0.12927462942462692,
      "post_xwOBA_q50": 0.27706823236080047,
      "post_HardHitPct_q50": 0.3834921934512142,
      "post_BarrelPct_q50": 0.08416762837653533,
      "post_EV_p90_q50": 104.86115125268586,
      "is_mainstream": false
    },
    {
      "batter": 693307,
      "player_name": "Dingler, Dillon",
      "prior_kind": "weighted_3yr",
      "PA_22g": 83,
      "obs_wOBA": 0.3445121951219512,
      "obs_xwOBA": 0.43818292682926824,
      "obs_HardHitPct": 0.5,
      "obs_BarrelPct": 0.1896551724137931,
      "obs_EV_p90": 105.9,
      "prior_wOBA": 0.32245620573984346,
      "ROS_wOBA_q10": 0.3238112952811397,
      "ROS_wOBA_q50": 0.3439074940125265,
      "ROS_wOBA_q90": 0.36448637071382567,
      "ROS_wOBA_minus_prior_q10": 0.0013550895412962507,
      "ROS_wOBA_minus_prior_q50": 0.021451288272683083,
      "ROS_wOBA_minus_prior_q90": 0.04203016497398218,
      "post_BBpct_q50": 0.05138820675079914,
      "post_Kpct_q50": 0.1976641073443149,
      "post_BABIP_q50": 0.32486202646618006,
      "post_ISO_q50": 0.15050554919017906,
      "post_xwOBA_q50": 0.3628922947912255,
      "post_HardHitPct_q50": 0.47647283094373205,
      "post_BarrelPct_q50": 0.1290533430018182,
      "post_EV_p90_q50": 105.38497532184905,
      "is_mainstream": false
    },
    {
      "batter": 545121,
      "player_name": "Vargas, Ildemaro",
      "prior_kind": "weighted_3yr",
      "PA_22g": 69,
      "obs_wOBA": 0.47173913043478255,
      "obs_xwOBA": 0.4173913043478261,
      "obs_HardHitPct": 0.42105263157894735,
      "obs_BarrelPct": 0.08771929824561403,
      "obs_EV_p90": 104.0,
      "prior_wOBA": 0.2974402730375427,