{
  "_blend_decision": "ADOPT_FULL_BLEND",
  "_blend_features": [
    "wOBA_window",
    "xwOBA_window",
    "EV_p90_window",
    "HardHit_window",
    "Barrel_window",
    "prior_wOBA",
    "intercept"
  ],
  "_blend_coef": [
    -0.02347708248091184,
    0.16483206834787537,
    0.0028644757870061564,
    -0.024978675986894044,
    0.03852192692157081,
    0.27878452746880705,
    -0.10294057840233126
  ],
  "andy_pages": {
    "slug": "andy_pages",
    "name": "Andy Pages",
    "mlbam": 681624,
    "verdict": "NOISE",
    "confidence": "low",
    "evidence": "April 0.403 wOBA (0.360 xwOBA, EV p90 106.2); prior 0.333; R3 ROS posterior q10/q50/q90 = 0.323/0.327/0.330; delta-vs-prior q10/q50/q90 = -0.010/-0.007/-0.003",
    "in_universe": true,
    "PA_22g": 90,
    "obs_wOBA": 0.4027777777777778,
    "obs_xwOBA": 0.36,
    "obs_EV_p90": 106.2,
    "obs_HardHitPct": 0.6031746031746031,
    "obs_BarrelPct": 0.06349206349206349,
    "prior_wOBA": 0.33316780467618456,
    "prior_kind": "weighted_3yr",
    "ROS_wOBA_q10": 0.32278343159089384,
    "ROS_wOBA_q50": 0.32659108722708796,
    "ROS_wOBA_q90": 0.3304953284810498,
    "ROS_wOBA_minus_prior_q10": -0.010384373085290744,
    "ROS_wOBA_minus_prior_q50": -0.006576717449096603,
    "ROS_wOBA_minus_prior_q90": -0.0026724761951347977,
    "hier_wOBA_q50": 0.3519822061061859,
    "hier_xwOBA_q50": 0.32377904653549194,
    "r1_verdict": "NOISE",
    "r2_verdict": "NOISE",
    "verdict_changed": false
  },
  "ben_rice": {
    "slug": "ben_rice",
    "name": "Ben Rice",
    "mlbam": 700250,
    "verdict": "NOISE",
    "confidence": "high",
    "evidence": "April 0.549 wOBA (0.481 xwOBA, EV p90 106.4); prior 0.345; R3 ROS posterior q10/q50/q90 = 0.343/0.347/0.351; delta-vs-prior q10/q50/q90 = -0.002/+0.002/+0.006",
    "in_universe": true,
    "PA_22g": 89,
    "obs_wOBA": 0.5488505747126436,
    "obs_xwOBA": 0.4808275862068966,
    "obs_EV_p90": 106.43,
    "obs_HardHitPct": 0.6458333333333334,
    "obs_BarrelPct": 0.22916666666666666,
    "prior_wOBA": 0.3450402144772118,
    "prior_kind": "weighted_3yr",
    "ROS_wOBA_q10": 0.3426854918074385,
    "ROS_wOBA_q50": 0.3467173152035196,
    "ROS_wOBA_q90": 0.35094781429094396,
    "ROS_wOBA_minus_prior_q10": -0.0023547226697732794,
    "ROS_wOBA_minus_prior_q50": 0.0016771007263078341,
    "ROS_wOBA_minus_prior_q90": 0.005907599813732158,
    "hier_wOBA_q50": 0.4028867781162262,
    "hier_xwOBA_q50": 0.3960376977920532,
    "r1_verdict": "AMBIGUOUS",
    "r2_verdict": "SIGNAL",
    "verdict_changed": true
  },
  "munetaka_murakami": {
    "slug": "munetaka_murakami",
    "name": "Munetaka Murakami",
    "mlbam": 808959,
    "verdict": "SIGNAL",
    "confidence": "medium",
    "evidence": "April 0.427 wOBA (0.435 xwOBA, EV p90 110.8); prior 0.326; R3 ROS posterior q10/q50/q90 = 0.344/0.347/0.351; delta-vs-prior q10/q50/q90 = +0.018/+0.021/+0.025",
    "in_universe": true,
    "PA_22g": 103,
    "obs_wOBA": 0.42727272727272725,
    "obs_xwOBA": 0.43475757575757573,
    "obs_EV_p90": 110.83,
    "obs_HardHitPct": 0.6274509803921569,
    "obs_BarrelPct": 0.2549019607843137,
    "prior_wOBA": 0.3260146329754323,
    "prior_kind": "league_avg",
    "ROS_wOBA_q10": 0.3435856119559507,
    "ROS_wOBA_q50": 0.34746331940510783,
    "ROS_wOBA_q90": 0.35149979593667485,
    "ROS_wOBA_minus_prior_q10": 0.017570978980518404,
    "ROS_wOBA_minus_prior_q50": 0.021448686429675512,
    "ROS_wOBA_minus_prior_q90": 0.02548516296124256,
    "hier_wOBA_q50": 0.35580575466156006,
    "hier_xwOBA_q50": 0.3413947820663452,
    "r1_verdict": "SIGNAL",
    "r2_verdict": "SIGNAL",
    "verdict_changed": false
  },
  "mike_trout": {
    "slug": "mike_trout",
    "name": "Mike Trout",
    "mlbam": 545361,
    "verdict": "NOISE",
    "confidence": "high",
    "evidence": "April 0.420 wOBA (0.476 xwOBA, EV p90 108.7); prior 0.362; R3 ROS posterior q10/q50/q90 = 0.359/0.363/0.367; delta-vs-prior q10/q50/q90 = -0.003/+0.001/+0.005",
    "in_universe": true,
    "PA_22g": 106,
    "obs_wOBA": 0.41960784313725485,
    "obs_xwOBA": 0.47586274509803916,
    "obs_EV_p90": 108.69,
    "obs_HardHitPct": 0.4444444444444444,
    "obs_BarrelPct": 0.2222222222222222,
    "prior_wOBA": 0.3621835075493612,
    "prior_kind": "weighted_3yr",
    "ROS_wOBA_q10": 0.35890494014814567,
    "ROS_wOBA_q50": 0.36273826821042954,
    "ROS_wOBA_q90": 0.3669689409212193,
    "ROS_wOBA_minus_prior_q10": -0.003278567401215493,
    "ROS_wOBA_minus_prior_q50": 0.0005547606610683542,
    "ROS_wOBA_minus_prior_q90": 0.0047854333718581185,
    "hier_wOBA_q50": 0.3806745707988739,
    "hier_xwOBA_q50": 0.3935107886791229,
    "r1_verdict": "AMBIGUOUS",
    "r2_verdict": "SIGNAL",
    "verdict_changed": true
  },
  "mason_miller": {
    "slug": "mason_miller",
    "name": "Mason Miller",
    "mlbam": 695243,
    "verdict": "SIGNAL",
    "confidence": "medium",
    "evidence": "K%-only verdict (streak model killed). April K% 0.650 on 40 BF; 3yr prior K% 0.407; R3 posterior K% q50 = 0.495 (rise of +0.089 that survives heavy reliever-K% shrinkage). Streak survival probabilities are killed; the K% rise is the only durable signal.",
    "in_universe": true,
    "BF_22g": 40,
    "obs_K%": 0.65,
    "prior_K%": 0.4065040650406504,
    "post_K%_q50": 0.49519408914008683,
    "post_K%_q10": 0.43293136424149614,
    "post_K%_q90": 0.5539710555062008,
    "streak_model": "KILLED",
    "r1_verdict": "AMBIGUOUS_STREAK_DURABLE",
    "r2_verdict_K%": "SIGNAL",
    "r3_verdict": "SIGNAL",
    "verdict_changed": false
  }
}