{
  "method": "absolute plate_z coords, no sz_* features",
  "largest_positive_region_absolute": {
    "x_range": [
      -0.6818181818181818,
      0.8333333333333335
    ],
    "z_range": [
      1.0252525252525253,
      1.994949494949495
    ],
    "mean_delta_pp": 5.843197494614432,
    "max_abs_delta_pp": 9.874809979329157,
    "n_cells": 851
  },
  "largest_negative_region_absolute": {
    "x_range": [
      -1.1666666666666665,
      1.166666666666667
    ],
    "z_range": [
      2.0353535353535355,
      3.974747474747475
    ],
    "mean_delta_pp": -7.7005668610264175,
    "max_abs_delta_pp": 14.634324940810645,
    "n_cells": 1800
  },
  "counterfactual_all_walk_rate": 0.095934,
  "counterfactual_all_attribution_pct": 40.46,
  "counterfactual_first_pitch_walk_rate": 0.102665,
  "counterfactual_first_pitch_attribution_pct": -41.95,
  "actual_2025_walk_rate": 0.09107,
  "actual_2026_walk_rate": 0.099239,
  "comparison_to_round1": {
    "round1_attribution_pct": -56.17,
    "absolute_coord_attribution_pct": 40.46,
    "delta": 96.63,
    "verdict": "mixed"
  }
}
