{
  "round": 2,
  "as_of_date": "2026-05-04",
  "data": {
    "n_borderline_taken_03ft": 28579,
    "n_qualifying_umpires_h4": 78,
    "n_qualifying_hitters_h5": 119,
    "n_catcher_challenges_h6": 1079,
    "n_h7_pitches": 22769,
    "n_h7_batters": 309,
    "n_chase_qualified_2025": 353
  },
  "h4_per_umpire": {
    "n_qualifying_umpires": 78,
    "n_flagged": 0,
    "rhat_max_global": 1.01,
    "rhat_max_botslope": 1.0,
    "ess_min_global": 765.0,
    "ess_min_botslope": 3705.0,
    "sd_umpire_botslope_med_logit": 0.07601307962158571,
    "flagged_list": [],
    "league_distribution": {
      "median": 0.16527109377990623,
      "iqr_low": 0.041115359788006234,
      "iqr_high": 0.26078869553915335,
      "min": -0.2166468298570784,
      "max": 0.5769429204306009
    }
  },
  "h5_per_hitter": {
    "n_qualifying_hitters": 119,
    "n_flagged": 8,
    "n_bh_significant_q10": 3,
    "flagged_list": [
      {
        "batter": 682877,
        "n_borderline_spot79": 37,
        "actual_pct": 72.97297297297297,
        "expected_pct": 57.714130105675046,
        "residual_pp_med": 16.216216216216218,
        "residual_pp_lo": 5.405405405405405,
        "residual_pp_hi": 27.027027027027025,
        "p_dir_pos": 0.992,
        "p_two_sided": 0.016000000000000014,
        "q_bh": 0.38080000000000036,
        "bh_significant_q10": false,
        "ci_excludes_zero": true,
        "abs_residual_pp": 16.216216216216218,
        "flagged": true,
        "chase_rate": NaN,
        "n_total_pa": NaN,
        "qualified_200pa": NaN,
        "batter_name": "Juan Brito"
      },
      {
        "batter": 672356,
        "n_borderline_spot79": 34,
        "actual_pct": 58.82352941176471,
        "expected_pct": 45.55007433257186,
        "residual_pp_med": 14.70588235294118,
        "residual_pp_lo": 2.941176470588236,
        "residual_pp_hi": 23.52941176470588,
        "p_dir_pos": 0.983,
        "p_two_sided": 0.03400000000000003,
        "q_bh": 0.5057500000000005,
        "bh_significant_q10": false,
        "ci_excludes_zero": true,
        "abs_residual_pp": 14.70588235294118,
        "flagged": true,
        "chase_rate": 0.3908523908523909,
        "n_total_pa": 487.0,
        "qualified_200pa": true,
        "batter_name": "Gabriel Arias"
      },
      {
        "batter": 686452,
        "n_borderline_spot79": 41,
        "actual_pct": 68.29268292682927,
        "expected_pct": 56.17616747874652,
        "residual_pp_med": 12.195121951219512,
        "residual_pp_lo": 2.3780487804878105,
        "residual_pp_hi": 21.951219512195124,
        "p_dir_pos": 0.975,
        "p_two_sided": 0.050000000000000044,
        "q_bh": 0.5409090909090915,
        "bh_significant_q10": false,
        "ci_excludes_zero": true,
        "abs_residual_pp": 12.195121951219512,
        "flagged": true,
        "chase_rate": 0.17391304347826086,
        "n_total_pa": 56.0,
        "qualified_200pa": false,
        "batter_name": "Drew Millas"
      },
      {
        "batter": 694497,
        "n_borderline_spot79": 50,
        "actual_pct": 66.0,
        "expected_pct": 53.92532549571706,
        "residual_pp_med": 12.0,
        "residual_pp_lo": 2.0000000000000018,
        "residual_pp_hi": 22.000000000000004,
        "p_dir_pos": 0.988,
        "p_two_sided": 0.02400000000000002,
        "q_bh": 0.40800000000000036,
        "bh_significant_q10": false,
        "ci_excludes_zero": true,
        "abs_residual_pp": 12.0,
        "flagged": true,
        "chase_rate": 0.20050125313283207,
        "n_total_pa": 224.0,
        "qualified_200pa": true,
        "batter_name": "Evan Carter"
      },
      {
        "batter": 677649,
        "n_borderline_spot79": 50,
        "actual_pct": 48.0,
        "expected_pct": 57.046558877574164,
        "residual_pp_med": -8.000000000000007,
        "residual_pp_lo": -16.05,
        "residual_pp_hi": -2.0000000000000018,
        "p_dir_pos": 0.005,
        "p_two_sided": 0.01,
        "q_bh": 0.2975,
        "bh_significant_q10": false,
        "ci_excludes_zero": true,
        "abs_residual_pp": 8.000000000000007,
        "flagged": true,
        "chase_rate": 0.37320574162679426,
        "n_total_pa": 230.0,
        "qualified_200pa": true,
        "batter_name": "Ezequiel Duran"
      },
      {
        "batter": 680779,
        "n_borderline_spot79": 42,
        "actual_pct": 40.476190476190474,
        "expected_pct": 55.1671599187353,
        "residual_pp_med": -14.28571428571429,
        "residual_pp_lo": -23.809523809523814,
        "residual_pp_hi": -4.761904761904762,
        "p_dir_pos": 0.0,
        "p_two_sided": 0.0,
        "q_bh": 0.0,
        "bh_significant_q10": true,
        "ci_excludes_zero": true,
        "abs_residual_pp": 14.28571428571429,
        "flagged": true,
        "chase_rate": 0.3458646616541353,
        "n_total_pa": 283.0,
        "qualified_200pa": true,
        "batter_name": "Henry Davis"
      },
      {
        "batter": 691718,
        "n_borderline_spot79": 57,
        "actual_pct": 40.35087719298245,
        "expected_pct": 57.04623676210004,
        "residual_pp_med": -15.789473684210526,
        "residual_pp_lo": -24.561403508771935,
        "residual_pp_hi": -8.771929824561402,
        "p_dir_pos": 0.0,
        "p_two_sided": 0.0,
        "q_bh": 0.0,
        "bh_significant_q10": true,
        "ci_excludes_zero": true,
        "abs_residual_pp": 15.789473684210526,
        "flagged": true,
        "chase_rate": 0.41679873217115687,
        "n_total_pa": 654.0,
        "qualified_200pa": true,
        "batter_name": "Pete Crow-Armstrong"
      },
      {
        "batter": 701358,
        "n_borderline_spot79": 40,
        "actual_pct": 32.5,
        "expected_pct": 51.244273562374644,
        "residual_pp_med": -20.0,
        "residual_pp_lo": -30.0,
        "residual_pp_hi": -7.500000000000001,
        "p_dir_pos": 0.0,
        "p_two_sided": 0.0,
        "q_bh": 0.0,
        "bh_significant_q10": true,
        "ci_excludes_zero": true,
        "abs_residual_pp": 20.0,
        "flagged": true,
        "chase_rate": 0.2961460446247465,
        "n_total_pa": 499.0,
        "qualified_200pa": true,
        "batter_name": "Cam Smith"
      }
    ],
    "league_residual_distribution": {
      "median": 0.0,
      "iqr_low": -3.077651515151519,
      "iqr_high": 3.4911961141469328,
      "min": -20.0,
      "max": 16.216216216216218
    },
    "robustness_drop_pinch": {
      "n_qualifying_hitters": 90,
      "n_flagged": 5,
      "flagged_list": [
        {
          "batter": 686452,
          "n_borderline_spot79": 33,
          "actual_pct": 69.6969696969697,
          "expected_pct": 55.293672471542344,
          "residual_pp_med": 15.15151515151516,
          "residual_pp_lo": 3.0303030303030387,
          "residual_pp_hi": 27.272727272727277,
          "p_dir_pos": 0.984,
          "p_two_sided": 0.03200000000000003,
          "q_bh": 0.4800000000000004,
          "bh_significant_q10": false,
          "ci_excludes_zero": true,
          "abs_residual_pp": 15.15151515151516,
          "flagged": true,
          "chase_rate": 0.17391304347826086,
          "n_total_pa": 56.0,
          "qualified_200pa": false,
          "batter_name": "Drew Millas"
        },
        {
          "batter": 682877,
          "n_borderline_spot79": 36,
          "actual_pct": 72.22222222222221,
          "expected_pct": 56.86795682204796,
          "residual_pp_med": 13.888888888888884,
          "residual_pp_lo": 2.777777777777779,
          "residual_pp_hi": 25.0,
          "p_dir_pos": 0.99,
          "p_two_sided": 0.020000000000000018,
          "q_bh": 0.3600000000000003,
          "bh_significant_q10": false,
          "ci_excludes_zero": true,
          "abs_residual_pp": 13.888888888888884,
          "flagged": true,
          "chase_rate": NaN,
          "n_total_pa": NaN,
          "qualified_200pa": NaN,
          "batter_name": "Juan Brito"
        },
        {
          "batter": 691718,