{
  "avg_delta": -0.0012333276967888525,
  "ci": [
    -0.019634717756105435,
    0.015229512960241099
  ],
  "n_boot": 100,
  "players": [
    {
      "ci": [
        -0.020589528349671593,
        0.02303389469075572
      ],
      "mean_broad": 0.3288319003802531,
      "mean_current": 0.3306858201697997,
      "mean_delta": 0.0018539197895465615,
      "player": "Andy Pages",
      "player_key": "andy_pages"
    },
    {
      "ci": [
        -0.044331984990433435,
        0.030145178802457023
      ],
      "mean_broad": 0.34623662446988035,
      "mean_current": 0.3430655880834951,
      "mean_delta": -0.003171036386385243,
      "player": "Ben Rice",
      "player_key": "ben_rice"
    },
    {
      "ci": [
        -0.04259056597663148,
        0.02054286237090953
      ],
      "mean_broad": 0.3807330475328886,
      "mean_current": 0.3705896092437756,
      "mean_delta": -0.0101434382891129,
      "player": "Mike Trout",
      "player_key": "mike_trout"
    },
    {
      "ci": [
        -0.03218242806764423,
        0.03960303550642532
      ],
      "mean_broad": 0.336770992415046,
      "mean_current": 0.34329823651384217,
      "mean_delta": 0.006527244098796172,
      "player": "Mois\u00e9s Ballesteros",
      "player_key": "moises_ballesteros"
    }
  ]
}