player_key,player,mlbam,pa_22g,prior_woba,woba_22g,pred_ros_woba,status
andy_pages,Andy Pages,681624.0,87.0,0.331145361478343,0.42790697674418604,0.3368747643142994,ok
ben_rice,Ben Rice,700250.0,87.0,0.325628172723604,0.5119047619047619,0.3434349796161833,ok
mike_trout,Mike Trout,545361.0,102.0,0.36688924566768605,0.4175257731958763,0.37478415669281256,ok
moises_ballesteros,Moisés Ballesteros,694208.0,53.0,0.4107692307692307,0.4811320754716981,0.3329028218180811,ok
munetaka_murakami,Munetaka Murakami,,,,,,missing_id
