{
  "h1_walk_rate": {
    "rate_2025_empirical": 0.08777852802160702,
    "rate_2026_empirical": 0.09462089616083841,
    "yoy_delta_pp_empirical": 0.6842368139231392,
    "yoy_delta_pp_bayes_mean": 0.6814721925848066,
    "yoy_delta_pp_bayes_lo": 0.3132936440847082,
    "yoy_delta_pp_bayes_hi": 1.0352171819038025,
    "yoy_delta_pp_hierarchical_mean": 0.667884886635966,
    "yoy_delta_pp_hierarchical_lo": 0.17077233799732397,
    "yoy_delta_pp_hierarchical_hi": 1.1500347702722782,
    "post_2026_late_minus_early_pp_mean": -0.2821118197853275,
    "post_2026_late_minus_early_pp_lo": -0.8532467860956359,
    "post_2026_late_minus_early_pp_hi": 0.06575441443856142,
    "prob_2026_regressed": 0.89025,
    "n_pa_2025": 47392,
    "n_pa_2026": 46755
  },
  "h2_per_count": [
    {
      "count": "0-0",
      "delta_pp_mean": 0.6854413443690619,
      "delta_pp_lo": 0.3196514592298099,
      "delta_pp_hi": 1.0493635739614733,
      "reach_2025_pct": 100.0,
      "reach_2026_pct": 100.0,
      "reach_delta_pp": 0.0,
      "rate_2025_emp_pct": 8.771005081279386,
      "rate_2026_emp_pct": 9.456628617844471,
      "n_pa_2025": 47429,
      "n_pa_2026": 46782,
      "rhat": 1.0,
      "ess_bulk": 1173.0
    },
    {
      "count": "0-1",
      "delta_pp_mean": -0.005019684899609121,
      "delta_pp_lo": -0.41532903706487867,
      "delta_pp_hi": 0.38822177195706253,
      "reach_2025_pct": 50.03478884226949,
      "reach_2026_pct": 49.62806207515712,
      "reach_delta_pp": -0.40672676711238087,
      "rate_2025_emp_pct": 5.351649740845308,
      "rate_2026_emp_pct": 5.345221174139639,
      "n_pa_2025": 23731,
      "n_pa_2026": 23217,
      "rhat": 1.0,
      "ess_bulk": 1360.0
    },
    {
      "count": "0-2",
      "delta_pp_mean": -0.15566407904830926,
      "delta_pp_lo": -0.6348863238848944,
      "delta_pp_hi": 0.34484339894833593,
      "reach_2025_pct": 21.031436462923526,
      "reach_2026_pct": 21.07220725920226,
      "reach_delta_pp": 0.04077079627873015,
      "rate_2025_emp_pct": 3.208020050125313,
      "rate_2026_emp_pct": 3.053357679042402,
      "n_pa_2025": 9975,
      "n_pa_2026": 9858,
      "rhat": 1.0,
      "ess_bulk": 1124.0
    },
    {
      "count": "1-0",
      "delta_pp_mean": 1.4609736377595597,
      "delta_pp_lo": 0.7059153201083673,
      "delta_pp_hi": 2.254488582622644,
      "reach_2025_pct": 38.32676210757132,
      "reach_2026_pct": 39.19028686246847,
      "reach_delta_pp": 0.8635247548971547,
      "rate_2025_emp_pct": 15.898338651116733,
      "rate_2026_emp_pct": 17.361186865932147,
      "n_pa_2025": 18178,
      "n_pa_2026": 18334,
      "rhat": 1.0,
      "ess_bulk": 1322.0
    },
    {
      "count": "1-1",
      "delta_pp_mean": 0.6198759192828739,
      "delta_pp_lo": -0.008869282836804904,
      "delta_pp_hi": 1.2240856069477364,
      "reach_2025_pct": 39.02253895296127,
      "reach_2026_pct": 38.78628532341499,
      "reach_delta_pp": -0.23625362954627915,
      "rate_2025_emp_pct": 9.844391614437,
      "rate_2026_emp_pct": 10.476715348580875,
      "n_pa_2025": 18508,
      "n_pa_2026": 18145,
      "rhat": 1.0,
      "ess_bulk": 1286.0
    },
    {
      "count": "1-2",
      "delta_pp_mean": 0.05760781318318282,
      "delta_pp_lo": -0.5092711178547099,
      "delta_pp_hi": 0.648876606145222,
      "reach_2025_pct": 29.498829829850937,
      "reach_2026_pct": 29.17575135735967,
      "reach_delta_pp": -0.3230784724912672,
      "rate_2025_emp_pct": 6.218283182045601,
      "rate_2026_emp_pct": 6.249542090995678,
      "n_pa_2025": 13991,
      "n_pa_2026": 13649,
      "rhat": 1.0,
      "ess_bulk": 1310.0
    },
    {
      "count": "2-0",
      "delta_pp_mean": 1.8378671923616965,
      "delta_pp_lo": 0.21536053740820818,
      "delta_pp_hi": 3.517714989767123,
      "reach_2025_pct": 13.240844209239071,
      "reach_2026_pct": 13.977598221538198,
      "reach_delta_pp": 0.7367540122991262,
      "rate_2025_emp_pct": 32.13375796178344,
      "rate_2026_emp_pct": 33.98073099862364,
      "n_pa_2025": 6280,
      "n_pa_2026": 6539,
      "rhat": 1.01,
      "ess_bulk": 1281.0
    },
    {
      "count": "2-1",
      "delta_pp_mean": 0.5453184246172331,
      "delta_pp_lo": -0.6004184226300491,
      "delta_pp_hi": 1.6591200099021717,
      "reach_2025_pct": 20.27240717704358,
      "reach_2026_pct": 20.674618442990894,
      "reach_delta_pp": 0.4022112659473137,
      "rate_2025_emp_pct": 20.3328133125325,
      "rate_2026_emp_pct": 20.885028949545077,
      "n_pa_2025": 9615,
      "n_pa_2026": 9672,
      "rhat": 1.0,
      "ess_bulk": 1165.0
    },
    {
      "count": "2-2",
      "delta_pp_mean": 0.28023860269186696,
      "delta_pp_lo": -0.6031584806903252,
      "delta_pp_hi": 1.1612821573045842,
      "reach_2025_pct": 24.269961416011302,
      "reach_2026_pct": 23.915181052541577,
      "reach_delta_pp": -0.3547803634697255,
      "rate_2025_emp_pct": 13.248197376422551,
      "rate_2026_emp_pct": 13.55023239184841,
      "n_pa_2025": 11511,
      "n_pa_2026": 11188,
      "rhat": 1.0,
      "ess_bulk": 1372.0
    },
    {
      "count": "3-0",
      "delta_pp_mean": 1.6061217808614114,
      "delta_pp_lo": -1.226260795158156,
      "delta_pp_hi": 4.407350022624539,
      "reach_2025_pct": 4.237913512829703,
      "reach_2026_pct": 4.87366936001026,
      "reach_delta_pp": 0.6357558471805573,
      "rate_2025_emp_pct": 66.4179104477612,
      "rate_2026_emp_pct": 68.02631578947368,
      "n_pa_2025": 2010,
      "n_pa_2026": 2280,
      "rhat": 1.0,
      "ess_bulk": 1383.0
    },
    {
      "count": "3-1",
      "delta_pp_mean": 1.267704408705547,
      "delta_pp_lo": -0.8277056019443904,
      "delta_pp_hi": 3.462238120203484,
      "reach_2025_pct": 8.425225073267411,
      "reach_2026_pct": 8.894446582018725,
      "reach_delta_pp": 0.4692215087513149,
      "rate_2025_emp_pct": 46.3963963963964,
      "rate_2026_emp_pct": 47.632780581590964,
      "n_pa_2025": 3996,
      "n_pa_2026": 4161,
      "rhat": 1.0,
      "ess_bulk": 1258.0
    },
    {
      "count": "3-2",
      "delta_pp_mean": 0.4183701053659101,
      "delta_pp_lo": -1.1871311104886655,
      "delta_pp_hi": 1.9727717996948722,
      "reach_2025_pct": 14.282401062641,
      "reach_2026_pct": 14.368774314907443,
      "reach_delta_pp": 0.08637325226644177,
      "rate_2025_emp_pct": 32.80188957779746,
      "rate_2026_emp_pct": 33.234156501041355,
      "n_pa_2025": 6774,
      "n_pa_2026": 6722,
      "rhat": 1.0,
      "ess_bulk": 1317.0
    }
  ],
  "h2_decomp": {
    "traffic_pp_mean": 0.41119573641572127,
    "traffic_pp_lo": 0.395660359945731,
    "traffic_pp_hi": 0.42673195976326117,
    "conditional_pp_mean": 0.26854982320652154,
    "conditional_pp_lo": -0.06484121719289979,
    "conditional_pp_hi": 0.6011427591574996,
    "total_pp_mean": 0.6797455596222428,
    "per_terminal_count": {
      "3-0": {
        "reach_2025_pct": 4.237913512829703,
        "reach_2026_pct": 4.87366936001026,
        "term_rate_2025_pct": 38.85572139303483,
        "term_rate_2026_pct": 40.614035087719294,
        "term_delta_pp_mean": 1.7664157019268958,
        "term_delta_pp_lo": -1.1456721127613925,
        "term_delta_pp_hi": 4.772023975738081
      },
      "3-1": {
        "reach_2025_pct": 8.425225073267411,
        "reach_2026_pct": 8.894446582018725,
        "term_rate_2025_pct": 28.953953953953953,
        "term_rate_2026_pct": 30.35328046142754,
        "term_delta_pp_mean": 1.3755314060525161,
        "term_delta_pp_lo": -0.5767986483885409,
        "term_delta_pp_hi": 3.361077528399971
      },
      "3-2": {
        "reach_2025_pct": 14.282401062641,
        "reach_2026_pct": 14.368774314907443,
        "term_rate_2025_pct": 32.80188957779746,
        "term_rate_2026_pct": 33.234156501041355,
        "term_delta_pp_mean": 0.4183701053659101,
        "term_delta_pp_lo": -1.1871311104886655,
        "term_delta_pp_hi": 1.9727717996948722
      }
    }
  },